Actor,Tense,Mode,Kovol word,English
1s,remote past,,amom,to talk
2s,remote past,,amoŋ,to talk
3s,remote past,,amot,to talk
1p,remote past,,amomuŋg,to talk
2p,remote past,,amomwa,to talk
3p,remote past,,amɛmind,to talk
1s,recent past,,aŋgom,to talk
2s,recent past,,aŋgoŋ,to talk
3s,recent past,,aŋge,to talk
1p,recent past,,amoŋg,to talk
2p,recent past,,aŋgama,to talk
3p,recent past,,aŋgond,to talk
1s,future,,aminim,to talk
2s,future,,aminiŋ,to talk
3s,future,,amiŋ,to talk
1p,future,,amug,to talk
2p,future,,amwa,to talk
3p,future,,amis,to talk
2s,future,imperative,ame,to talk
2p,future,imperative,amas,to talk
1s,remote past,,asom,to jab
2s,remote past,,asoŋ,to jab
3s,remote past,,asot,to jab
1p,remote past,,asomuŋg,to jab
2p,remote past,,asomwa,to jab
3p,remote past,,asemind,to jab
1s,recent past,,asogom,to jab
2s,recent past,,asogoŋ,to jab
3s,recent past,,asege,to jab
1p,recent past,,asoŋg,to jab
2p,recent past,,asagama,to jab
3p,recent past,,asogond,to jab
1s,future,,asinim,to jab
2s,future,,asiniŋ,to jab
3s,future,,asiŋ,to jab
1p,future,,asug,to jab
2p,future,,aswa,to jab
3p,future,,asis,to jab
2s,future,imperative,ase,to jab
2p,future,imperative,asas,to jab
1s,remote past,,aŋgimom,to wrap
2s,remote past,,aŋgimoŋ,to wrap
3s,remote past,,aŋgimot,to wrap
1p,remote past,,aŋgimomuŋg,to wrap
2p,remote past,,aŋgimomwa,to wrap
3p,remote past,,aŋgimemind,to wrap
1s,recent past,,aŋgiŋgom,to wrap
2s,recent past,,aŋgiŋgoŋ,to wrap
3s,recent past,,aŋgiŋge,to wrap
1p,recent past,,aŋgimoŋg,to wrap
2p,recent past,,aŋgiŋgima,to wrap
3p,recent past,,aŋgiŋgond,to wrap
1s,future,,aŋgiminim,to wrap
2s,future,,aŋgiminiŋ,to wrap
3s,future,,aŋgimiŋ,to wrap
1p,future,,aŋgimug,to wrap
2p,future,,aŋgimwa,to wrap
3p,future,,aŋgimis,to wrap
2s,future,imperative,aŋgime,to wrap
2p,future,imperative,aŋgimas,to wrap
1s,remote past,,igwaβigom,to cover up
2s,remote past,,igwaβigoŋ,to cover up
3s,remote past,,igwaβigot,to cover up
1p,remote past,,igwaβigomuŋg,to cover up
2p,remote past,,igwaβigomwa,to cover up
3p,remote past,,igwaβigemind,to cover up
1s,recent past,,igwaβigom,to cover up
2s,recent past,,igwaβigoŋ,to cover up
3s,recent past,,igwaβige,to cover up
1p,recent past,,igwaβigoŋg,to cover up
2p,recent past,,igwaβigima,to cover up
3p,recent past,,igwaβigond,to cover up
1s,future,,igwaβiginim,to cover up
2s,future,,igwaβiginiŋ,to cover up
3s,future,,igwaβigiŋ,to cover up
1p,future,,igwaβigug,to cover up
2p,future,,igwaβigwa,to cover up
3p,future,,igwaβigis,to cover up
2s,future,imperative,igwaβigu,to cover up
2p,future,imperative,igwaβigwas,to cover up
1s,remote past,,ilam,to go up
2s,remote past,,ilaŋ,to go up
3s,remote past,,ilat,to go up
1p,remote past,,ilamuŋg,to go up
2p,remote past,,ilamwa,to go up
3p,remote past,,ilamind,to go up
1s,recent past,,ligom,to go up
2s,recent past,,ligoŋ,to go up
3s,recent past,,lige,to go up
1p,recent past,,iloŋg,to go up
2p,recent past,,ligima,to go up
3p,recent past,,ligond,to go up
1s,future,,ilinim,to go up
2s,future,,iliniŋ,to go up
3s,future,,iliŋ,to go up
1p,future,,ilug,to go up
2p,future,,ilwa,to go up
3p,future,,ilis,to go up
2s,future,imperative,ilu,to go up
2p,future,imperative,ilwas,to go up
1s,remote past,,inom,to sleep
2s,remote past,,inoŋ,to sleep
3s,remote past,,inot,to sleep
1p,remote past,,inomuŋg,to sleep
2p,remote past,,inomwa,to sleep
3p,remote past,,inemind,to sleep
1s,recent past,,iniŋgom,to sleep
2s,recent past,,iniŋgoŋ,to sleep
3s,recent past,,iniŋge,to sleep
1p,recent past,,inoŋg,to sleep
2p,recent past,,iniŋgima,to sleep
3p,recent past,,iniŋgond,to sleep
1s,future,,ininim,to sleep
2s,future,,ininiŋ,to sleep
3s,future,,iniŋ,to sleep
1p,future,,inug,to sleep
2p,future,,inwa,to sleep
3p,future,,inis,to sleep
2s,future,imperative,inɛ,to sleep
2p,future,imperative,inas,to sleep
1s,remote past,,isom,to wash yourself
2s,remote past,,isoŋ,to wash yourself
3s,remote past,,isot,to wash yourself
1p,remote past,,isomuŋg,to wash yourself
2p,remote past,,isomwa,to wash yourself
3p,remote past,,isemind,to wash yourself
1s,recent past,,isigom,to wash yourself
2s,recent past,,isigoŋ,to wash yourself
3s,recent past,,isige,to wash yourself
1p,recent past,,isoŋg,to wash yourself
2p,recent past,,isigima,to wash yourself
3p,recent past,,isigond,to wash yourself
1s,future,,isinim,to wash yourself
2s,future,,isiniŋ,to wash yourself
3s,future,,isiŋ,to wash yourself
1p,future,,isug,to wash yourself
2p,future,,iswa,to wash yourself
3p,future,,isis,to wash yourself
2s,future,imperative,ise,to wash yourself
2p,future,imperative,isas,to wash yourself
1s,remote past,,jam,to go down
2s,remote past,,jaŋ,to go down
3s,remote past,,jat,to go down
1p,remote past,,jamuŋg,to go down
2p,remote past,,jamwa,to go down
3p,remote past,,jamind,to go down
1s,recent past,,jagam,to go down
2s,recent past,,jagoŋ,to go down
3s,recent past,,jaga,to go down
1p,recent past,,jaŋg,to go down
2p,recent past,,jagama,to go down
3p,recent past,,jagand,to go down
1s,future,,janim,to go down
2s,future,,janiŋ,to go down
3s,future,,jaŋ,to go down
1p,future,,jug,to go down
2p,future,,jogwa,to go down
3p,future,,jis,to go down
2s,future,imperative,ju,to go down
2p,future,imperative,jogwas,to go down
1s,remote past,,lambigom,to smoke
2s,remote past,,lambigoŋ,to smoke
3s,remote past,,lambigot,to smoke
1p,remote past,,lambigomuŋg,to smoke
2p,remote past,,lambigomwa,to smoke
3p,remote past,,lambigemind,to smoke
1s,recent past,,lambigom,to smoke
2s,recent past,,lambigoŋ,to smoke
3s,recent past,,lambige,to smoke
1p,recent past,,lambigoŋg,to smoke
2p,recent past,,lambigima,to smoke
3p,recent past,,lambigond,to smoke
1s,future,,lambiginim,to smoke
2s,future,,lambiginiŋ,to smoke
3s,future,,lambigiŋ,to smoke
1p,future,,lambigug,to smoke
2p,future,,lambigwa,to smoke
3p,future,,lambigis,to smoke
2s,future,imperative,lambigu,to smoke
2p,future,imperative,lambigwas,to smoke
1s,remote past,,liβom,to come up
2s,remote past,,liβoŋ,to come up
3s,remote past,,liβot,to come up
1p,remote past,,liβomuŋg,to come up
2p,remote past,,liβomwa,to come up
3p,remote past,,liβemind,to come up
1s,recent past,,liβigom,to come up
2s,recent past,,liβigoŋ,to come up
3s,recent past,,liβige,to come up
1p,recent past,,liβoŋg,to come up
2p,recent past,,liβigima,to come up
3p,recent past,,liβigond,to come up
1s,future,,liβinim,to come up
2s,future,,liβiniŋ,to come up
3s,future,,liβiŋ,to come up
1p,future,,liβug,to come up
2p,future,,liβomwa,to come up
3p,future,,liβis,to come up
2s,future,imperative,liβe,to come up
2p,future,imperative,liβas,to come up
1s,remote past,,loβom,to come down
2s,remote past,,loβoŋ,to come down
3s,remote past,,loβot,to come down
1p,remote past,,loβomuŋg,to come down
2p,remote past,,loβomwa,to come down
3p,remote past,,lɛβɛmind,to come down
1s,recent past,,loβogom,to come down
2s,recent past,,loβogoŋ,to come down
3s,recent past,,lɛβɛge,to come down
1p,recent past,,loβoŋg,to come down
2p,recent past,,laβagama,to come down
3p,recent past,,loβogond,to come down
1s,future,,lɛβɛnim,to come down
2s,future,,lɛβɛniŋ,to come down
3s,future,,lɛβiŋ,to come down
1p,future,,loβug,to come down
2p,future,,loβwa,to come down
3p,future,,lɛβis,to come down
2s,future,imperative,lɛβɛ,to come down
2p,future,imperative,laβas,to come down
1s,remote past,,magatom,to peel
2s,remote past,,magatoŋ,to peel
3s,remote past,,magatot,to peel
1p,remote past,,magatomuŋg,to peel
2p,remote past,,magatomwa,to peel
3p,remote past,,magatemind,to peel
1s,recent past,,magatogom,to peel
2s,recent past,,magatogoŋ,to peel
3s,recent past,,magatege,to peel
1p,recent past,,magatoŋg,to peel
2p,recent past,,magatagama,to peel
3p,recent past,,magatogond,to peel
1s,future,,magatɛnim,to peel
2s,future,,magatɛniŋ,to peel
3s,future,,magatiŋ,to peel
1p,future,,magatug,to peel
2p,future,,magatwa,to peel
3p,future,,magatis,to peel
2s,future,imperative,magate,to peel
2p,future,imperative,magatas,to peel
1s,remote past,,magaβigom,to lift
2s,remote past,,magaβigoŋ,to lift
3s,remote past,,magaβigot,to lift
1p,remote past,,magaβigomuŋg,to lift
2p,remote past,,magaβigomwa,to lift
3p,remote past,,magaβigemind,to lift
1s,recent past,,magaβigom,to lift
2s,recent past,,magaβigoŋ,to lift
3s,recent past,,magaβige,to lift
1p,recent past,,magaβigoŋg,to lift
2p,recent past,,magaβigima,to lift
3p,recent past,,magaβigond,to lift
1s,future,,magaβiginim,to lift
2s,future,,magaβiginiŋ,to lift
3s,future,,magaβigiŋ,to lift
1p,future,,magaβigug,to lift
2p,future,,magaβigwa,to lift
3p,future,,magaβigis,to lift
2s,future,imperative,magaβigu,to lift
2p,future,imperative,magaβigwas,to lift
1s,remote past,,mandom,to go around
2s,remote past,,mandoŋ,to go around
3s,remote past,,mandot,to go around
1p,remote past,,mandomuŋg,to go around
2p,remote past,,mandomwa,to go around
3p,remote past,,mandemind,to go around
1s,recent past,,mandogom,to go around
2s,recent past,,mandogoŋ,to go around
3s,recent past,,mandege,to go around
1p,recent past,,mandoŋg,to go around
2p,recent past,,mandagama,to go around
3p,recent past,,mandogond,to go around
1s,future,,mandɛnim,to go around
2s,future,,mandɛniŋ,to go around
3s,future,,mandiŋ,to go around
1p,future,,mandug,to go around
2p,future,,mandwa,to go around
3p,future,,mandis,to go around
2s,future,imperative,mande,to go around
2p,future,imperative,mandas,to go around
1s,remote past,,migimom,to hear / feel
2s,remote past,,migimoŋ,to hear / feel
3s,remote past,,migimot,to hear / feel
1p,remote past,,migimomuŋg,to hear / feel
2p,remote past,,migimomwa,to hear / feel
3p,remote past,,migimemind,to hear / feel
1s,recent past,,migiŋgom,to hear / feel
2s,recent past,,migiŋgoŋ,to hear / feel
3s,recent past,,migiŋge,to hear / feel
1p,recent past,,migimoŋg,to hear / feel
2p,recent past,,migiŋgima,to hear / feel
3p,recent past,,migiŋgond,to hear / feel
1s,future,,migiminim,to hear / feel
2s,future,,migiminiŋ,to hear / feel
3s,future,,migimiŋ,to hear / feel
1p,future,,migimug,to hear / feel
2p,future,,migimwa,to hear / feel
3p,future,,migimis,to hear / feel
2s,future,imperative,migimɛ,to hear / feel
2p,future,imperative,migimas,to hear / feel
1s,remote past,,mogɔm,to shove in bamboo
2s,remote past,,mogɔŋ,to shove in bamboo
3s,remote past,,mogɔt,to shove in bamboo
1p,remote past,,mogɔmuŋg,to shove in bamboo
2p,remote past,,mogɔmwa,to shove in bamboo
3p,remote past,,mogɔmind,to shove in bamboo
1s,recent past,,mogɔgom,to shove in bamboo
2s,recent past,,mogɔgoŋ,to shove in bamboo
3s,recent past,,mogɔge,to shove in bamboo
1p,recent past,,mogɔŋg,to shove in bamboo
2p,recent past,,mogɔgama,to shove in bamboo
3p,recent past,,mogɔgond,to shove in bamboo
1s,future,,mogɔnim,to shove in bamboo
2s,future,,mogɔniŋ,to shove in bamboo
3s,future,,mogejŋ,to shove in bamboo
1p,future,,mogug,to shove in bamboo
2p,future,,mogɔgwa,to shove in bamboo
3p,future,,mogejs,to shove in bamboo
2s,future,imperative,mɔgu,to shove in bamboo
2p,future,imperative,mogɔgwas,to shove in bamboo
1s,remote past,,ndugulom,to lie something down
2s,remote past,,nduguloŋ,to lie something down
3s,remote past,,ndugulot,to lie something down
1p,remote past,,ndugulomuŋg,to lie something down
2p,remote past,,ndugulomwa,to lie something down
3p,remote past,,ndugulemind,to lie something down
1s,recent past,,ndugugam,to lie something down
2s,recent past,,ndugugoŋ,to lie something down
3s,recent past,,nduguga,to lie something down
1p,recent past,,ndugaŋg,to lie something down
2p,recent past,,nduguguma,to lie something down
3p,recent past,,ndugugand,to lie something down
1s,future,,ndugɛnim,to lie something down
2s,future,,ndugɛniŋ,to lie something down
3s,future,,ndugaŋ,to lie something down
1p,future,,ndugolug,to lie something down
2p,future,,ndugula,to lie something down
3p,future,,ndugɛlis,to lie something down
2s,future,imperative,ndugule,to lie something down
2p,future,imperative,ndugulas,to lie something down
1s,remote past,,nomom,to eat
2s,remote past,,nomoŋ,to eat
3s,remote past,,nomot,to eat
1p,remote past,,nomomuŋg,to eat
2p,remote past,,nomomwa,to eat
3p,remote past,,nɛmɛmind,to eat
1s,recent past,,noŋgom,to eat
2s,recent past,,noŋgoŋ,to eat
3s,recent past,,neŋge,to eat
1p,recent past,,nomoŋg,to eat
2p,recent past,,naŋgama,to eat
3p,recent past,,noŋgond,to eat
1s,future,,ninim,to eat
2s,future,,niniŋ,to eat
3s,future,,niŋ,to eat
1p,future,,nug,to eat
2p,future,,nwa,to eat
3p,future,,nis,to eat
2s,future,imperative,ni,to eat
2p,future,imperative,njas,to eat
1s,remote past,,norom,to work
2s,remote past,,noroŋ,to work
3s,remote past,,norot,to work
1p,remote past,,noromuŋg,to work
2p,remote past,,noromwa,to work
3p,remote past,,nɛrɛmind,to work
1s,recent past,,nagam,to work
2s,recent past,,nogoŋ,to work
3s,recent past,,naga,to work
1p,recent past,,naŋg,to work
2p,recent past,,nagama,to work
3p,recent past,,nagand,to work
1s,future,,nɛnim,to work
2s,future,,nɛniŋ,to work
3s,future,,naŋ,to work
1p,future,,norug,to work
2p,future,,narwa,to work
3p,future,,nɛris,to work
2s,future,imperative,nɛrɛ,to work
2p,future,imperative,narwa,to work
1s,remote past,,ogotorom,to leave
2s,remote past,,ogotoroŋ,to leave
3s,remote past,,ogotorot,to leave
1p,remote past,,ogotoromuŋg,to leave
2p,remote past,,ogotoromwa,to leave
3p,remote past,,ogotɛrɛmind,to leave
1s,recent past,,ogotagam,to leave
2s,recent past,,ogotogoŋ,to leave
3s,recent past,,ogotaga,to leave
1p,recent past,,ogotaŋg,to leave
2p,recent past,,ogotagama,to leave
3p,recent past,,ogotagand,to leave
1s,future,,ogotɛnim,to leave
2s,future,,ogotɛniŋ,to leave
3s,future,,ogotaŋ,to leave
1p,future,,ogotorug,to leave
2p,future,,ogotara,to leave
3p,future,,ogotɛris,to leave
2s,future,imperative,ogotɛrɛ,to leave
2p,future,imperative,ogotaras,to leave
1s,remote past,,olumotom,to stab
2s,remote past,,olumotoŋ,to stab
3s,remote past,,olumotot,to stab
1p,remote past,,olumotomuŋg,to stab
2p,remote past,,olumotomwa,to stab
3p,remote past,,olumɛtɛmind,to stab
1s,recent past,,olumotogom,to stab
2s,recent past,,olumotogoŋ,to stab
3s,recent past,,olumɛtɛge,to stab
1p,recent past,,olumotoŋg,to stab
2p,recent past,,olumatagama,to stab
3p,recent past,,olumotogond,to stab
1s,future,,olumɛtɛnim,to stab
2s,future,,olumɛtɛniŋ,to stab
3s,future,,olumɛtiŋ,to stab
1p,future,,olumotug,to stab
2p,future,,olumatwa,to stab
3p,future,,olumɛtis,to stab
2s,future,imperative,olumɛtɛ,to stab
2p,future,imperative,olumatas,to stab
1s,remote past,,osugulumum,to rekindle
2s,remote past,,osugulumuŋ,to rekindle
3s,remote past,,osugulumut,to rekindle
1p,remote past,,osugulumomuŋg,to rekindle
2p,remote past,,osugulumomwa,to rekindle
3p,remote past,,osugulumemind,to rekindle
1s,recent past,,osugulugum,to rekindle
2s,recent past,,osugulugoŋ,to rekindle
3s,recent past,,osuguluge,to rekindle
1p,recent past,,osugulumuŋg,to rekindle
2p,recent past,,osuguluguma,to rekindle
3p,recent past,,osugulugund,to rekindle
1s,future,,osuguluminim,to rekindle
2s,future,,osuguluminiŋ,to rekindle
3s,future,,osugulumiŋ,to rekindle
1p,future,,osugulumug,to rekindle
2p,future,,osugulumwa,to rekindle
3p,future,,osugulumis,to rekindle
2s,future,imperative,osugulume,to rekindle
2p,future,imperative,osugulumas,to rekindle
1s,remote past,,oŋgulumum,to hang from shoulder
2s,remote past,,oŋgulumuŋ,to hang from shoulder
3s,remote past,,oŋgulumut,to hang from shoulder
1p,remote past,,oŋgulumumuŋg,to hang from shoulder
2p,remote past,,oŋgulumumwa,to hang from shoulder
3p,remote past,,oŋgulumemind,to hang from shoulder
1s,recent past,,oŋgulugum,to hang from shoulder
2s,recent past,,oŋgulugoŋ,to hang from shoulder
3s,recent past,,oŋguluge,to hang from shoulder
1p,recent past,,oŋgulumuŋg,to hang from shoulder
2p,recent past,,oŋguluguma,to hang from shoulder
3p,recent past,,oŋgulugund,to hang from shoulder
1s,future,,oŋguluminim,to hang from shoulder
2s,future,,oŋguluminiŋ,to hang from shoulder
3s,future,,oŋgulumiŋ,to hang from shoulder
1p,future,,oŋgulumug,to hang from shoulder
2p,future,,oŋgulumwa,to hang from shoulder
3p,future,,oŋgulumis,to hang from shoulder
2s,future,imperative,oŋgulume,to hang from shoulder
2p,future,imperative,oŋgulumas,to hang from shoulder
1s,remote past,,pagatom,to unravel
2s,remote past,,pagatoŋ,to unravel
3s,remote past,,pagatot,to unravel
1p,remote past,,pagatomuŋg,to unravel
2p,remote past,,pagatomwa,to unravel
3p,remote past,,pagatemind,to unravel
1s,recent past,,pagatogom,to unravel
2s,recent past,,pagatogoŋ,to unravel
3s,recent past,,pagatege,to unravel
1p,recent past,,pagatoŋg,to unravel
2p,recent past,,pagatagama,to unravel
3p,recent past,,pagatogond,to unravel
1s,future,,pagatɛnim,to unravel
2s,future,,pagatɛniŋ,to unravel
3s,future,,pagatiŋ,to unravel
1p,future,,pagatug,to unravel
2p,future,,pagatwa,to unravel
3p,future,,pagatis,to unravel
2s,future,imperative,pagate,to unravel
2p,future,imperative,pagatas,to unravel
1s,remote past,,pagaβigom,to snap
2s,remote past,,pagaβigoŋ,to snap
3s,remote past,,pagaβigot,to snap
1p,remote past,,pagaβigomuŋg,to snap
2p,remote past,,pagaβigomwa,to snap
3p,remote past,,pagaβigemind,to snap
1s,recent past,,pagaβigom,to snap
2s,recent past,,pagaβigoŋ,to snap
3s,recent past,,pagaβige,to snap
1p,recent past,,pagaβigoŋg,to snap
2p,recent past,,pagaβigima,to snap
3p,recent past,,pagaβigond,to snap
1s,future,,pagaβiginim,to snap
2s,future,,pagaβiginiŋ,to snap
3s,future,,pagaβigiŋ,to snap
1p,future,,pagaβigug,to snap
2p,future,,pagaβigwa,to snap
3p,future,,pagaβigis,to snap
2s,future,imperative,pagaβigu,to snap
2p,future,imperative,pagaβigwas,to snap
1s,remote past,,paliβigom,to uproot
2s,remote past,,paliβigoŋ,to uproot
3s,remote past,,paliβigot,to uproot
1p,remote past,,paliβigomuŋg,to uproot
2p,remote past,,paliβigomwa,to uproot
3p,remote past,,paliβigemind,to uproot
1s,recent past,,paliβigom,to uproot
2s,recent past,,paliβigoŋ,to uproot
3s,recent past,,paliβige,to uproot
1p,recent past,,paliβigoŋg,to uproot
2p,recent past,,paliβigima,to uproot
3p,recent past,,paliβigond,to uproot
1s,future,,paliβiginim,to uproot
2s,future,,paliβiginiŋ,to uproot
3s,future,,paliβigiŋ,to uproot
1p,future,,paliβigug,to uproot
2p,future,,paliβigwa,to uproot
3p,future,,paliβigis,to uproot
2s,future,imperative,paliβigu,to uproot
2p,future,imperative,paliβigwas,to uproot
1s,remote past,,paŋaβigom,to tear
2s,remote past,,paŋaβigoŋ,to tear
3s,remote past,,paŋaβigot,to tear
1p,remote past,,paŋaβigomuŋg,to tear
2p,remote past,,paŋaβigomwa,to tear
3p,remote past,,paŋaβigemind,to tear
1s,recent past,,paŋaβigom,to tear
2s,recent past,,paŋaβigoŋ,to tear
3s,recent past,,paŋaβige,to tear
1p,recent past,,paŋaβigoŋg,to tear
2p,recent past,,paŋaβigima,to tear
3p,recent past,,paŋaβigond,to tear
1s,future,,paŋaβiginim,to tear
2s,future,,paŋaβiginiŋ,to tear
3s,future,,paŋaβigiŋ,to tear
1p,future,,paŋaβigug,to tear
2p,future,,paŋaβigwa,to tear
3p,future,,paŋaβigis,to tear
2s,future,imperative,paŋaβigu,to tear
2p,future,imperative,paŋaβigwas,to tear
1s,remote past,,pigom,to put
2s,remote past,,pigoŋ,to put
3s,remote past,,pigot,to put
1p,remote past,,pigomuŋg,to put
2p,remote past,,pigomwa,to put
3p,remote past,,pigemind,to put
1s,recent past,,pigom,to put
2s,recent past,,pigoŋ,to put
3s,recent past,,pige,to put
1p,recent past,,pigoŋg,to put
2p,recent past,,pigima,to put
3p,recent past,,pigond,to put
1s,future,,piginim,to put
2s,future,,piginiŋ,to put
3s,future,,pigiŋ,to put
1p,future,,pigug,to put
2p,future,,pigwa,to put
3p,future,,pigis,to put
2s,future,imperative,pigu,to put
2p,future,imperative,pigwas,to put
1s,remote past,,piβugulom,to wash something
2s,remote past,,piβuguloŋ,to wash something
3s,remote past,,piβugulot,to wash something
1p,remote past,,piβugulomuŋg,to wash something
2p,remote past,,piβugulomwa,to wash something
3p,remote past,,piβugulemind,to wash something
1s,recent past,,piβugugam,to wash something
2s,recent past,,piβugugoŋ,to wash something
3s,recent past,,piβuguga,to wash something
1p,recent past,,piβugwaŋg,to wash something
2p,recent past,,piβuguguma,to wash something
3p,recent past,,piβugugand,to wash something
1s,future,,piβugɛnim,to wash something
2s,future,,piβugɛniŋ,to wash something
3s,future,,piβugwaŋ,to wash something
1p,future,,piβugolug,to wash something
2p,future,,piβugolwa,to wash something
3p,future,,piβugɛlis,to wash something
2s,future,imperative,piβugele,to wash something
2p,future,imperative,piβugolas,to wash something
1s,remote past,,pululumum,to tie something
2s,remote past,,pululumuŋ,to tie something
3s,remote past,,pululumut,to tie something
1p,remote past,,pululumumuŋg,to tie something
2p,remote past,,pululumumwa,to tie something
3p,remote past,,pululumemind,to tie something
1s,recent past,,pululugum,to tie something
2s,recent past,,pululugoŋ,to tie something
3s,recent past,,pululuge,to tie something
1p,recent past,,pululumuŋg,to tie something
2p,recent past,,pululuguma,to tie something
3p,recent past,,pululugund,to tie something
1s,future,,pululuminim,to tie something
2s,future,,pululuminiŋ,to tie something
3s,future,,pululumiŋ,to tie something
1p,future,,pululumug,to tie something
2p,future,,pululumwa,to tie something
3p,future,,pululumis,to tie something
2s,future,imperative,pululume,to tie something
2p,future,imperative,pululumas,to tie something
1s,remote past,,pɛndɛβigom,to sell
2s,remote past,,pɛndɛβigoŋ,to sell
3s,remote past,,pɛndɛβigot,to sell
1p,remote past,,pɛndɛβigomuŋg,to sell
2p,remote past,,pɛndɛβigomwa,to sell
3p,remote past,,pɛndɛβigemind,to sell
1s,recent past,,pɛndɛβigom,to sell
2s,recent past,,pɛndɛβigoŋ,to sell
3s,recent past,,pɛndɛβige,to sell
1p,recent past,,pɛndɛβigoŋg,to sell
2p,recent past,,pɛndɛβigima,to sell
3p,recent past,,pɛndɛβigond,to sell
1s,future,,pɛndɛβiginim,to sell
2s,future,,pɛndɛβiginiŋ,to sell
3s,future,,pɛndɛβigiŋ,to sell
1p,future,,pɛndɛβigug,to sell
2p,future,,pɛndɛβigwa,to sell
3p,future,,pɛndɛβigis,to sell
2s,future,imperative,pɛndɛβigu,to sell
2p,future,imperative,pɛndɛβigwas,to sell
1s,remote past,,salaŋatom,to sharpen / chip pieces off
2s,remote past,,salaŋatoŋ,to sharpen / chip pieces off
3s,remote past,,salaŋatot,to sharpen / chip pieces off
1p,remote past,,salaŋatomuŋg,to sharpen / chip pieces off
2p,remote past,,salaŋatomwa,to sharpen / chip pieces off
3p,remote past,,salaŋatemind,to sharpen / chip pieces off
1s,recent past,,salaŋatogom,to sharpen / chip pieces off
2s,recent past,,salaŋatogoŋ,to sharpen / chip pieces off
3s,recent past,,salaŋatege,to sharpen / chip pieces off
1p,recent past,,salaŋatoŋg,to sharpen / chip pieces off
2p,recent past,,salaŋatagama,to sharpen / chip pieces off
3p,recent past,,salaŋatogond,to sharpen / chip pieces off
1s,future,,salaŋatɛnim,to sharpen / chip pieces off
2s,future,,salaŋatɛniŋ,to sharpen / chip pieces off
3s,future,,salaŋatiŋ,to sharpen / chip pieces off
1p,future,,salaŋatug,to sharpen / chip pieces off
2p,future,,salaŋatwa,to sharpen / chip pieces off
3p,future,,salaŋatis,to sharpen / chip pieces off
2s,future,imperative,salaŋatɛ,to sharpen / chip pieces off
2p,future,imperative,salaŋatas,to sharpen / chip pieces off
1s,remote past,,saliβom,to get up
2s,remote past,,saliβoŋ,to get up
3s,remote past,,saliβot,to get up
1p,remote past,,saliβomuŋg,to get up
2p,remote past,,saliβomwa,to get up
3p,remote past,,saliβemind,to get up
1s,recent past,,saliβigom,to get up
2s,recent past,,saliβigoŋ,to get up
3s,recent past,,saliβige,to get up
1p,recent past,,saliβoŋg,to get up
2p,recent past,,saliβigima,to get up
3p,recent past,,saliβigond,to get up
1s,future,,saliβinim,to get up
2s,future,,saliβiniŋ,to get up
3s,future,,saliβiŋ,to get up
1p,future,,saliβug,to get up
2p,future,,saliβwa,to get up
3p,future,,saliβis,to get up
2s,future,imperative,saliβe,to get up
2p,future,imperative,saliβas,to get up
1s,remote past,,salumum,to chop
2s,remote past,,salumuŋ,to chop
3s,remote past,,salumut,to chop
1p,remote past,,salumumuŋg,to chop
2p,remote past,,salumumwa,to chop
3p,remote past,,salumemind,to chop
1s,recent past,,salugum,to chop
2s,recent past,,salugoŋ,to chop
3s,recent past,,saluge,to chop
1p,recent past,,salumuŋg,to chop
2p,recent past,,saluguma,to chop
3p,recent past,,salugund,to chop
1s,future,,saluminim,to chop
2s,future,,saluminiŋ,to chop
3s,future,,salumiŋ,to chop
1p,future,,salumug,to chop
2p,future,,salumwa,to chop
3p,future,,salumis,to chop
2s,future,imperative,salume,to chop
2p,future,imperative,salumas,to chop
1s,remote past,,satom,to wash someone
2s,remote past,,satoŋ,to wash someone
3s,remote past,,satot,to wash someone
1p,remote past,,satomuŋg,to wash someone
2p,remote past,,satomwa,to wash someone
3p,remote past,,satemind,to wash someone
1s,recent past,,satogom,to wash someone
2s,recent past,,satogoŋ,to wash someone
3s,recent past,,satege,to wash someone
1p,recent past,,satoŋg,to wash someone
2p,recent past,,satagama,to wash someone
3p,recent past,,satogond,to wash someone
1s,future,,satɛnim,to wash someone
2s,future,,satɛniŋ,to wash someone
3s,future,,satiŋ,to wash someone
1p,future,,satug,to wash someone
2p,future,,satwa,to wash someone
3p,future,,satis,to wash someone
2s,future,imperative,sate,to wash someone
2p,future,imperative,satas,to wash someone
1s,remote past,,semom,to hang a bilum up
2s,remote past,,semoŋ,to hang a bilum up
3s,remote past,,semot,to hang a bilum up
1p,remote past,,semomuŋg,to hang a bilum up
2p,remote past,,semomwa,to hang a bilum up
3p,remote past,,sememind,to hang a bilum up
1s,recent past,,seŋgom,to hang a bilum up
2s,recent past,,seŋgoŋ,to hang a bilum up
3s,recent past,,seŋge,to hang a bilum up
1p,recent past,,semoŋg,to hang a bilum up
2p,recent past,,seŋgama,to hang a bilum up
3p,recent past,,seŋgond,to hang a bilum up
1s,future,,seminim,to hang a bilum up
2s,future,,seminiŋ,to hang a bilum up
3s,future,,semiŋ,to hang a bilum up
1p,future,,semug,to hang a bilum up
2p,future,,semwa,to hang a bilum up
3p,future,,semis,to hang a bilum up
2s,future,imperative,seme,to hang a bilum up
2p,future,imperative,semas,to hang a bilum up
1s,remote past,,siligitom,to shave
2s,remote past,,siligitoŋ,to shave
3s,remote past,,siligitot,to shave
1p,remote past,,siligitomuŋg,to shave
2p,remote past,,siligitomwa,to shave
3p,remote past,,siligitemind,to shave
1s,recent past,,siligitigom,to shave
2s,recent past,,siligitigoŋ,to shave
3s,recent past,,siligitige,to shave
1p,recent past,,siligitoŋg,to shave
2p,recent past,,siligitigima,to shave
3p,recent past,,siligitigond,to shave
1s,future,,siligitinim,to shave
2s,future,,siligitiniŋ,to shave
3s,future,,siligitiŋ,to shave
1p,future,,siligitug,to shave
2p,future,,siligitwa,to shave
3p,future,,siligitis,to shave
2s,future,imperative,siligitɛ,to shave
2p,future,imperative,siligitas,to shave
1s,remote past,,sindom,to sew
2s,remote past,,sindoŋ,to sew
3s,remote past,,sindot,to sew
1p,remote past,,sindomuŋg,to sew
2p,remote past,,sindomwa,to sew
3p,remote past,,sindemind,to sew
1s,recent past,,sindigom,to sew
2s,recent past,,sindigoŋ,to sew
3s,recent past,,sindige,to sew
1p,recent past,,sindoŋg,to sew
2p,recent past,,sindigima,to sew
3p,recent past,,sindigond,to sew
1s,future,,sindinim,to sew
2s,future,,sindiniŋ,to sew
3s,future,,sindiŋ,to sew
1p,future,,sindug,to sew
2p,future,,sindwa,to sew
3p,future,,sindis,to sew
2s,future,imperative,sinde,to sew
2p,future,imperative,sindas,to sew
1s,remote past,,sɛmɛtom,to take everything out a bag
2s,remote past,,sɛmɛtoŋ,to take everything out a bag
3s,remote past,,sɛmɛtot,to take everything out a bag
1p,remote past,,sɛmɛtomuŋg,to take everything out a bag
2p,remote past,,sɛmɛtomwa,to take everything out a bag
3p,remote past,,sɛmɛtemind,to take everything out a bag
1s,recent past,,sɛmɛtogom,to take everything out a bag
2s,recent past,,sɛmɛtogoŋ,to take everything out a bag
3s,recent past,,sɛmɛtɛge,to take everything out a bag
1p,recent past,,sɛmɛtoŋg,to take everything out a bag
2p,recent past,,sɛmɛtagama,to take everything out a bag
3p,recent past,,sɛmɛtogond,to take everything out a bag
1s,future,,sɛmɛtɛnim,to take everything out a bag
2s,future,,sɛmɛtɛniŋ,to take everything out a bag
3s,future,,sɛmɛtiŋ,to take everything out a bag
1p,future,,sɛmɛtug,to take everything out a bag
2p,future,,sɛmɛtwa,to take everything out a bag
3p,future,,sɛmɛtis,to take everything out a bag
2s,future,imperative,sɛmɛtɛ,to take everything out a bag
2p,future,imperative,sɛmɛtas,to take everything out a bag
1s,remote past,,sɛβigom,to take out of a bag
2s,remote past,,sɛβigoŋ,to take out of a bag
3s,remote past,,sɛβigot,to take out of a bag
1p,remote past,,sɛβigomuŋg,to take out of a bag
2p,remote past,,sɛβigomwa,to take out of a bag
3p,remote past,,sɛβigemind,to take out of a bag
1s,recent past,,sɛβigom,to take out of a bag
2s,recent past,,sɛβigoŋ,to take out of a bag
3s,recent past,,sɛβige,to take out of a bag
1p,recent past,,sɛβigoŋg,to take out of a bag
2p,recent past,,sɛβigima,to take out of a bag
3p,recent past,,sɛβigond,to take out of a bag
1s,future,,sɛβiginim,to take out of a bag
2s,future,,sɛβiginiŋ,to take out of a bag
3s,future,,sɛβigiŋ,to take out of a bag
1p,future,,sɛβigug,to take out of a bag
2p,future,,sɛβigwa,to take out of a bag
3p,future,,sɛβigis,to take out of a bag
2s,future,imperative,sɛβigu,to take out of a bag
2p,future,imperative,sɛβigwas,to take out of a bag
1s,remote past,,tolumum,to cover
2s,remote past,,tolumuŋ,to cover
3s,remote past,,tolumut,to cover
1p,remote past,,tolumumuŋg,to cover
2p,remote past,,tolumumwa,to cover
3p,remote past,,tolumemind,to cover
1s,recent past,,tolugum,to cover
2s,recent past,,tolugoŋ,to cover
3s,recent past,,toluge,to cover
1p,recent past,,tolumuŋg,to cover
2p,recent past,,toluguma,to cover
3p,recent past,,tolugund,to cover
1s,future,,toluminim,to cover
2s,future,,toluminiŋ,to cover
3s,future,,tolumiŋ,to cover
1p,future,,tolumug,to cover
2p,future,,tolumwa,to cover
3p,future,,tolumis,to cover
2s,future,imperative,tolume,to cover
2p,future,imperative,tolumas,to cover
1s,remote past,,tugam,to carry on shoulder
2s,remote past,,tugaŋ,to carry on shoulder
3s,remote past,,tugat,to carry on shoulder
1p,remote past,,tugamuŋg,to carry on shoulder
2p,remote past,,tugamwa,to carry on shoulder
3p,remote past,,tugamind,to carry on shoulder
1s,recent past,,tugagom,to carry on shoulder
2s,recent past,,tugagoŋ,to carry on shoulder
3s,recent past,,tugage,to carry on shoulder
1p,recent past,,tugaŋg,to carry on shoulder
2p,recent past,,tugagama,to carry on shoulder
3p,recent past,,tugagond,to carry on shoulder
1s,future,,tuganim,to carry on shoulder
2s,future,,tuganiŋ,to carry on shoulder
3s,future,,tugejŋ,to carry on shoulder
1p,future,,tugug,to carry on shoulder
2p,future,,tugugwa,to carry on shoulder
3p,future,,tugejs,to carry on shoulder
2s,future,imperative,tugu,to carry on shoulder
2p,future,imperative,tugugwas,to carry on shoulder
1s,remote past,,tugulom,stretim
2s,remote past,,tuguloŋ,stretim
3s,remote past,,tugulot,stretim
1p,remote past,,tugulomuŋg,stretim
2p,remote past,,tugulomwa,stretim
3p,remote past,,tugulemind,stretim
1s,recent past,,tugugam,stretim
2s,recent past,,tugugoŋ,stretim
3s,recent past,,tuguga,stretim
1p,recent past,,tugaŋg,stretim
2p,recent past,,tuguguma,stretim
3p,recent past,,tugugand,stretim
1s,future,,tugɛnim,stretim
2s,future,,tugɛniŋ,stretim
3s,future,,tugaŋ,stretim
1p,future,,tugolug,stretim
2p,future,,tugula,stretim
3p,future,,tugɛlis,stretim
2s,future,imperative,tugule,stretim
2p,future,imperative,tugulas,stretim
1s,remote past,,torom,to throw
2s,remote past,,toloŋ,to throw
3s,remote past,,tolot,to throw
1p,remote past,,tolomuŋg,to throw
2p,remote past,,tolomwa,to throw
3p,remote past,,tɛlɛmind,to throw
1s,recent past,,tagam,to throw
2s,recent past,,tagoŋ,to throw
3s,recent past,,taga,to throw
1p,recent past,,taŋg,to throw
2p,recent past,,tagama,to throw
3p,recent past,,tagand,to throw
1s,future,,tɛnim,to throw
2s,future,,tɛniŋ,to throw
3s,future,,taŋ,to throw
1p,future,,tolug,to throw
2p,future,,tolwa,to throw
3p,future,,tɛlis,to throw
2s,future,imperative,tɛlɛ,to throw
2p,future,imperative,tolas,to throw
1s,remote past,,toβom,to come (same level)
2s,remote past,,toβoŋ,to come (same level)
3s,remote past,,toβot,to come (same level)
1p,remote past,,toβomuŋg,to come (same level)
2p,remote past,,toβomwa,to come (same level)
3p,remote past,,tɛβɛmind,to come (same level)
1s,recent past,,toβogom,to come (same level)
2s,recent past,,toβogoŋ,to come (same level)
3s,recent past,,tɛβɛge,to come (same level)
1p,recent past,,toβoŋg,to come (same level)
2p,recent past,,taβagama,to come (same level)
3p,recent past,,toβogond,to come (same level)
1s,future,,tɛβɛnim,to come (same level)
2s,future,,tɛβɛniŋ,to come (same level)
3s,future,,tɛβiŋ,to come (same level)
1p,future,,toβug,to come (same level)
2p,future,,toβwa,to come (same level)
3p,future,,tɛβis,to come (same level)
2s,future,imperative,tɛβɛ,to come (same level)
2p,future,imperative,taβas,to come (same level)
1s,remote past,,ume lumum,to tie
2s,remote past,,ume lumuŋ,to tie
3s,remote past,,ume lumut,to tie
1p,remote past,,ume lumumuŋg,to tie
2p,remote past,,ume lumumwa,to tie
3p,remote past,,ume lumemind,to tie
1s,recent past,,ume lugum,to tie
2s,recent past,,ume lugoŋ,to tie
3s,recent past,,ume luge,to tie
1p,recent past,,ume lumuŋg,to tie
2p,recent past,,ume luguma,to tie
3p,recent past,,ume lugund,to tie
1s,future,,ume luminim,to tie
2s,future,,ume luminiŋ,to tie
3s,future,,ume lumiŋ,to tie
1p,future,,ume lumug,to tie
2p,future,,ume lumwa,to tie
3p,future,,ume lumis,to tie
2s,future,imperative,ume lume,to tie
2p,future,imperative,ume lumas,to tie
1s,remote past,,undum,to fill with liquid
2s,remote past,,unduŋ,to fill with liquid
3s,remote past,,undut,to fill with liquid
1p,remote past,,undumuŋg,to fill with liquid
2p,remote past,,undumwa,to fill with liquid
3p,remote past,,undumind,to fill with liquid
1s,recent past,,undugum,to fill with liquid
2s,recent past,,undugoŋ,to fill with liquid
3s,recent past,,unduge,to fill with liquid
1p,recent past,,unduŋg,to fill with liquid
2p,recent past,,unduguma,to fill with liquid
3p,recent past,,undugund,to fill with liquid
1s,future,,undinim,to fill with liquid
2s,future,,undiniŋ,to fill with liquid
3s,future,,undiŋ,to fill with liquid
1p,future,,undug,to fill with liquid
2p,future,,undwa,to fill with liquid
3p,future,,undis,to fill with liquid
2s,future,imperative,unde,to fill with liquid
2p,future,imperative,undas,to fill with liquid
1s,remote past,,usomom,to stretim
2s,remote past,,usomoŋ,to stretim
3s,remote past,,usomot,to stretim
1p,remote past,,usomomuŋg,to stretim
2p,remote past,,usomomwa,to stretim
3p,remote past,,usomemind,to stretim
1s,recent past,,usoŋgom,to stretim
2s,recent past,,usoŋgoŋ,to stretim
3s,recent past,,usoŋge,to stretim
1p,recent past,,usomoŋg,to stretim
2p,recent past,,usoŋgama,to stretim
3p,recent past,,usoŋgond,to stretim
1s,future,,usominim,to stretim
2s,future,,usominiŋ,to stretim
3s,future,,usomiŋ,to stretim
1p,future,,usomug,to stretim
2p,future,,usomwa,to stretim
3p,future,,usomis,to stretim
2s,future,imperative,usome,to stretim
2p,future,imperative,usomas,to stretim
1s,remote past,,utum,to give to 3rd person / to close
2s,remote past,,utuŋ,to give to 3rd person / to close
3s,remote past,,utut,to give to 3rd person / to close
1p,remote past,,utumuŋg,to give to 3rd person / to close
2p,remote past,,utumwa,to give to 3rd person / to close
3p,remote past,,utumind,to give to 3rd person / to close
1s,recent past,,utugum,to give to 3rd person / to close
2s,recent past,,utugoŋ,to give to 3rd person / to close
3s,recent past,,utuge,to give to 3rd person / to close
1p,recent past,,utuŋg,to give to 3rd person / to close
2p,recent past,,utuguma,to give to 3rd person / to close
3p,recent past,,utugund,to give to 3rd person / to close
1s,future,,utinim,to give to 3rd person / to close
2s,future,,utiniŋ,to give to 3rd person / to close
3s,future,,utiŋ,to give to 3rd person / to close
1p,future,,utug,to give to 3rd person / to close
2p,future,,ututwa,to give to 3rd person / to close
3p,future,,utis,to give to 3rd person / to close
2s,future,imperative,ute,to give to 3rd person / to close
2p,future,imperative,utas,to give to 3rd person / to close
1s,remote past,,uβum,to plant
2s,remote past,,uβuŋ,to plant
3s,remote past,,uβut,to plant
1p,remote past,,uβumuŋg,to plant
2p,remote past,,uβumwa,to plant
3p,remote past,,uβumind,to plant
1s,recent past,,uβugum,to plant
2s,recent past,,uβugoŋ,to plant
3s,recent past,,uβuge,to plant
1p,recent past,,uβuŋg,to plant
2p,recent past,,uβugama,to plant
3p,recent past,,uβugund,to plant
1s,future,,uβinim,to plant
2s,future,,uβiniŋ,to plant
3s,future,,uβiŋ,to plant
1p,future,,uβug,to plant
2p,future,,uβwa,to plant
3p,future,,uβis,to plant
2s,future,imperative,uβe,to plant
2p,future,imperative,uβas,to plant
1s,remote past,,wolom,to shoot
2s,remote past,,woloŋ,to shoot
3s,remote past,,wolot,to shoot
1p,remote past,,wolomuŋg,to shoot
2p,remote past,,wolomwa,to shoot
3p,remote past,,wɛlɛmind,to shoot
1s,recent past,,wagam,to shoot
2s,recent past,,wogoŋ,to shoot
3s,recent past,,waga,to shoot
1p,recent past,,waŋg,to shoot
2p,recent past,,wagama,to shoot
3p,recent past,,wagand,to shoot
1s,future,,wɛnim,to shoot
2s,future,,wɛniŋ,to shoot
3s,future,,waŋ,to shoot
1p,future,,wolug,to shoot
2p,future,,walwa,to shoot
3p,future,,wɛlis,to shoot
2s,future,imperative,wɛlɛ,to shoot
2p,future,imperative,walas,to shoot
1s,remote past,,wondom,to hit
2s,remote past,,wondoŋ,to hit
3s,remote past,,wondot,to hit
1p,remote past,,wondomuŋg,to hit
2p,remote past,,wondomwa,to hit
3p,remote past,,wɛndɛmind,to hit
1s,recent past,,wondogom,to hit
2s,recent past,,wondogoŋ,to hit
3s,recent past,,wɛndɛge,to hit
1p,recent past,,wondoŋg,to hit
2p,recent past,,wandagama,to hit
3p,recent past,,wondogond,to hit
1s,future,,wɛndɛnim,to hit
2s,future,,wɛndɛniŋ,to hit
3s,future,,wɛndiŋ,to hit
1p,future,,wondug,to hit
2p,future,,wandwa,to hit
3p,future,,wɛndis,to hit
2s,future,imperative,wɛndɛ,to hit
2p,future,imperative,wandas,to hit
1s,remote past,,ʔalumum,to remove
2s,remote past,,ʔalumuŋ,to remove
3s,remote past,,ʔalumut,to remove
1p,remote past,,ʔalumumuŋg,to remove
2p,remote past,,ʔalumumwa,to remove
3p,remote past,,ʔalumemind,to remove
1s,recent past,,ʔalugum,to remove
2s,recent past,,ʔalugoŋ,to remove
3s,recent past,,ʔaluge,to remove
1p,recent past,,ʔalumuŋg,to remove
2p,recent past,,ʔaluguma,to remove
3p,recent past,,ʔalugund,to remove
1s,future,,ʔaluminim,to remove
2s,future,,ʔaluminiŋ,to remove
3s,future,,ʔalumiŋ,to remove
1p,future,,ʔalumug,to remove
2p,future,,ʔalumwa,to remove
3p,future,,ʔalumis,to remove
2s,future,imperative,ʔalume,to remove
2p,future,imperative,ʔalumas,to remove
1s,remote past,,ʔanatom,to scrape
2s,remote past,,ʔanatoŋ,to scrape
3s,remote past,,ʔanatot,to scrape
1p,remote past,,ʔanatomuŋg,to scrape
2p,remote past,,ʔanatomwa,to scrape
3p,remote past,,ʔanatɛmind,to scrape
1s,recent past,,ʔanatogom,to scrape
2s,recent past,,ʔanatogoŋ,to scrape
3s,recent past,,ʔanatege,to scrape
1p,recent past,,ʔanatoŋg,to scrape
2p,recent past,,ʔanatagama,to scrape
3p,recent past,,ʔanatogond,to scrape
1s,future,,ʔanatɛnim,to scrape
2s,future,,ʔanatɛniŋ,to scrape
3s,future,,ʔanatiŋ,to scrape
1p,future,,ʔanatug,to scrape
2p,future,,ʔanatwa,to scrape
3p,future,,ʔanatis,to scrape
2s,future,imperative,ʔanate,to scrape
2p,future,imperative,ʔanatas,to scrape
1s,remote past,,ʔigom,to cut
2s,remote past,,ʔigoŋ,to cut
3s,remote past,,ʔigot,to cut
1p,remote past,,ʔigomuŋg,to cut
2p,remote past,,ʔigomwa,to cut
3p,remote past,,ʔigemind,to cut
1s,recent past,,ʔigom,to cut
2s,recent past,,ʔigoŋ,to cut
3s,recent past,,ʔige,to cut
1p,recent past,,ʔigoŋg,to cut
2p,recent past,,ʔigima,to cut
3p,recent past,,ʔigond,to cut
1s,future,,ʔiginim,to cut
2s,future,,ʔiginiŋ,to cut
3s,future,,ʔigiŋ,to cut
1p,future,,ʔigug,to cut
2p,future,,ʔigwa,to cut
3p,future,,ʔigis,to cut
2s,future,imperative,ʔigu,to cut
2p,future,imperative,ʔigwas,to cut
1s,remote past,,ʔipundum,to cut grass
2s,remote past,,ʔipunduŋ,to cut grass
3s,remote past,,ʔipundut,to cut grass
1p,remote past,,ʔipundumuŋg,to cut grass
2p,remote past,,ʔipundumwa,to cut grass
3p,remote past,,ʔipundumind,to cut grass
1s,recent past,,ʔipundugum,to cut grass
2s,recent past,,ʔipundugoŋ,to cut grass
3s,recent past,,ʔipunduge,to cut grass
1p,recent past,,ʔipunduŋg,to cut grass
2p,recent past,,ʔipunduguma,to cut grass
3p,recent past,,ʔipundugund,to cut grass
1s,future,,ʔipundinim,to cut grass
2s,future,,ʔipundiniŋ,to cut grass
3s,future,,ʔipundiŋ,to cut grass
1p,future,,ʔipundug,to cut grass
2p,future,,ʔipundwa,to cut grass
3p,future,,ʔipundis,to cut grass
2s,future,imperative,ʔipunde,to cut grass
2p,future,imperative,ʔipundas,to cut grass
1s,remote past,,ʔiβaβigom,to turn
2s,remote past,,ʔiβaβigoŋ,to turn
3s,remote past,,ʔiβaβigot,to turn
1p,remote past,,ʔiβaβigomuŋg,to turn
2p,remote past,,ʔiβaβigomwa,to turn
3p,remote past,,ʔiβaβigemind,to turn
1s,recent past,,ʔiβaβigom,to turn
2s,recent past,,ʔiβaβigoŋ,to turn
3s,recent past,,ʔiβaβige,to turn
1p,recent past,,ʔiβaβigoŋg,to turn
2p,recent past,,ʔiβaβigima,to turn
3p,recent past,,ʔiβaβigond,to turn
1s,future,,ʔiβaβiginim,to turn
2s,future,,ʔiβaβiginiŋ,to turn
3s,future,,ʔiβaβigiŋ,to turn
1p,future,,ʔiβaβigug,to turn
2p,future,,ʔiβaβigwa,to turn
3p,future,,ʔiβaβigis,to turn
2s,future,imperative,ʔiβaβigu,to turn
2p,future,imperative,ʔiβaβigwas,to turn
1s,remote past,,ʔolom,to be
2s,remote past,,ʔoloŋ,to be
3s,remote past,,ʔolot,to be
1p,remote past,,ʔolomuŋg,to be
2p,remote past,,ʔolomwa,to be
3p,remote past,,ʔɛlɛmind,to be
1s,recent past,,ʔagam,to be
2s,recent past,,ʔogoŋ,to be
3s,recent past,,ʔaga,to be
1p,recent past,,ʔaŋg,to be
2p,recent past,,ʔagama,to be
3p,recent past,,ʔagand,to be
1s,future,,ʔɛnim,to be
2s,future,,ʔɛniŋ,to be
3s,future,,ʔaŋ,to be
1p,future,,ʔolug,to be
2p,future,,ʔolwa,to be
3p,future,,ʔɛlis,to be
2s,future,imperative,ʔɛlɛ,to be
2p,future,imperative,ʔalas,to be
1s,remote past,,ʔam,to see
2s,remote past,,ʔaŋ,to see
3s,remote past,,ʔat,to see
1p,remote past,,ʔamuŋg,to see
2p,remote past,,ʔamwa,to see
3p,remote past,,ʔamind,to see
1s,recent past,,ʔogom,to see
2s,recent past,,ʔogoŋ,to see
3s,recent past,,ʔɛge,to see
1p,recent past,,ʔoŋg,to see
2p,recent past,,ʔagama,to see
3p,recent past,,ʔogond,to see
1s,future,,ʔɛnim,to see
2s,future,,ʔɛniŋ,to see
3s,future,,ʔeŋ,to see
1p,future,,ʔog,to see
2p,future,,ʔeja,to see
3p,future,,ʔes,to see
2s,future,imperative,ʔej,to see
2p,future,imperative,ʔejas,to see
1s,remote past,,ʔosom,to stand
2s,remote past,,ʔosoŋ,to stand
3s,remote past,,ʔosot,to stand
1p,remote past,,ʔosomuŋg,to stand
2p,remote past,,ʔosomwa,to stand
3p,remote past,,ʔɛsɛmind,to stand
1s,recent past,,ʔosogom,to stand
2s,recent past,,ʔosogoŋ,to stand
3s,recent past,,ʔɛsɛge,to stand
1p,recent past,,ʔosoŋg,to stand
2p,recent past,,ʔasagama,to stand
3p,recent past,,ʔosogond,to stand
1s,future,,ʔɛsɛnim,to stand
2s,future,,ʔɛsɛniŋ,to stand
3s,future,,ʔɛsiŋ,to stand
1p,future,,ʔosug,to stand
2p,future,,ʔoswa,to stand
3p,future,,ʔɛsis,to stand
2s,future,imperative,ʔɛsɛ,to stand
2p,future,imperative,ʔasas,to stand
1s,remote past,,ʔɛβigom,to split in the middle
2s,remote past,,ʔɛβigoŋ,to split in the middle
3s,remote past,,ʔɛβigot,to split in the middle
1p,remote past,,ʔɛβigomuŋg,to split in the middle
2p,remote past,,ʔɛβigomwa,to split in the middle
3p,remote past,,ʔɛβigemind,to split in the middle
1s,recent past,,ʔɛβigom,to split in the middle
2s,recent past,,ʔɛβigoŋ,to split in the middle
3s,recent past,,ʔɛβige,to split in the middle
1p,recent past,,ʔɛβigoŋg,to split in the middle
2p,recent past,,ʔɛβigima,to split in the middle
3p,recent past,,ʔɛβigond,to split in the middle
1s,future,,ʔɛβiginim,to split in the middle
2s,future,,ʔɛβiginiŋ,to split in the middle
3s,future,,ʔɛβigiŋ,to split in the middle
1p,future,,ʔɛβigug,to split in the middle
2p,future,,ʔɛβigwa,to split in the middle
3p,future,,ʔɛβigis,to split in the middle
2s,future,imperative,ʔɛβigu,to split in the middle
2p,future,imperative,ʔɛβigwas,to split in the middle
1s,remote past,,ɛm,to make
2s,remote past,,ɛŋ,to make
3s,remote past,,ɛt,to make
1p,remote past,,omuŋg,to make
2p,remote past,,omwa,to make
3p,remote past,,ɛmind,to make
1s,recent past,,ogom,to make
2s,recent past,,ogoŋ,to make
3s,recent past,,ɛge,to make
1p,recent past,,oŋg,to make
2p,recent past,,agama,to make
3p,recent past,,ogond,to make
1s,future,,ɛnim,to make
2s,future,,ɛniŋ,to make
3s,future,,eŋ,to make
1p,future,,og,to make
2p,future,,ogwa,to make
3p,future,,ejs,to make
2s,future,imperative,ow,to make
2p,future,imperative,ogwas,to make
1s,remote past,,ɛlimom,to sharpen a point
2s,remote past,,ɛlimoŋ,to sharpen a point
3s,remote past,,ɛlimot,to sharpen a point
1p,remote past,,ɛlimomuŋg,to sharpen a point
2p,remote past,,ɛlimomwa,to sharpen a point
3p,remote past,,ɛlimemind,to sharpen a point
1s,recent past,,ɛliŋgom,to sharpen a point
2s,recent past,,ɛliŋgoŋ,to sharpen a point
3s,recent past,,ɛliŋge,to sharpen a point
1p,recent past,,ɛlimoŋg,to sharpen a point
2p,recent past,,ɛliŋgima,to sharpen a point
3p,recent past,,ɛliŋgond,to sharpen a point
1s,future,,ɛliminim,to sharpen a point
2s,future,,ɛliminiŋ,to sharpen a point
3s,future,,ɛlimiŋ,to sharpen a point
1p,future,,ɛlimug,to sharpen a point
2p,future,,ɛlimwa,to sharpen a point
3p,future,,ɛlimis,to sharpen a point
2s,future,imperative,ɛlime,to sharpen a point
2p,future,imperative,ɛlimas,to sharpen a point
1s,remote past,,ombom,to prepare food
2s,remote past,,omboŋ,to prepare food
3s,remote past,,ombot,to prepare food
1p,remote past,,ombomuŋg,to prepare food
2p,remote past,,ombomwa,to prepare food
3p,remote past,,ɛmbɛmind,to prepare food
1s,recent past,,ombogom,to prepare food
2s,recent past,,ombogoŋ,to prepare food
3s,recent past,,ɛmbɛge,to prepare food
1p,recent past,,omboŋg,to prepare food
2p,recent past,,ambagama,to prepare food
3p,recent past,,ombogond,to prepare food
1s,future,,ɛmbɛnim,to prepare food
2s,future,,ɛmbɛniŋ,to prepare food
3s,future,,ɛmbiŋ,to prepare food
1p,future,,ombug,to prepare food
2p,future,,ambwa,to prepare food
3p,future,,ɛmbis,to prepare food
2s,future,imperative,ɛmbɛ,to prepare food
2p,future,imperative,ambas,to prepare food
1s,remote past,,osom,to give to plural
2s,remote past,,osoŋ,to give to plural
3s,remote past,,osot,to give to plural
1p,remote past,,osomuŋg,to give to plural
2p,remote past,,osomwa,to give to plural
3p,remote past,,ɛsɛmind,to give to plural
1s,recent past,,ɛsigom,to give to plural
2s,recent past,,ɛsigoŋ,to give to plural
3s,recent past,,ɛsige,to give to plural
1p,recent past,,osoŋg,to give to plural
2p,recent past,,ɛsigima,to give to plural
3p,recent past,,ɛsigond,to give to plural
1s,future,,ɛsinim,to give to plural
2s,future,,ɛsiniŋ,to give to plural
3s,future,,ɛsiŋ,to give to plural
1p,future,,osug,to give to plural
2p,future,,oswa,to give to plural
3p,future,,ɛsis,to give to plural
2s,future,imperative,ɛsi,to give to plural
2p,future,imperative,asas,to give to plural
1s,remote past,,otom,to burn
2s,remote past,,otoŋ,to burn
3s,remote past,,otot,to burn
1p,remote past,,otomuŋg,to burn
2p,remote past,,otomwa,to burn
3p,remote past,,ɛtɛmind,to burn
1s,recent past,,otogom,to burn
2s,recent past,,otogoŋ,to burn
3s,recent past,,ɛtɛge,to burn
1p,recent past,,otoŋg,to burn
2p,recent past,,atagama,to burn
3p,recent past,,otogond,to burn
1s,future,,ɛtɛnim,to burn
2s,future,,ɛtɛniŋ,to burn
3s,future,,ɛtiŋ,to burn
1p,future,,otug,to burn
2p,future,,otwa,to burn
3p,future,,ɛtis,to burn
2s,future,imperative,ɛtɛ,to burn
2p,future,imperative,atas,to burn
1s,remote past,,oβom,to bring
2s,remote past,,oβoŋ,to bring
3s,remote past,,oβot,to bring
1p,remote past,,oβomuŋg,to bring
2p,remote past,,oβomwa,to bring
3p,remote past,,ɛβɛmind,to bring
1s,recent past,,oβogom,to bring
2s,recent past,,oβogoŋ,to bring
3s,recent past,,ɛβɛge,to bring
1p,recent past,,oβoŋg,to bring
2p,recent past,,aβagama,to bring
3p,recent past,,oβogond,to bring
1s,future,,ɛβɛnim,to bring
2s,future,,ɛβɛniŋ,to bring
3s,future,,ɛβiŋ,to bring
1p,future,,oβug,to bring
2p,future,,oβwa,to bring
3p,future,,ɛβis,to bring
2s,future,imperative,ɛβɛ,to bring
2p,future,imperative,aβas,to bring
1s,remote past,,oβogolom,to hold
2s,remote past,,oβogoloŋ,to hold
3s,remote past,,oβogolot,to hold
1p,remote past,,oβogolomuŋg,to hold
2p,remote past,,oβogolomwa,to hold
3p,remote past,,ɛβɛgɛlɛmind,to hold
1s,recent past,,aβagagam,to hold
2s,recent past,,oβogogoŋ,to hold
3s,recent past,,aβagaga,to hold
1p,recent past,,aβagaŋg,to hold
2p,recent past,,aβagagama,to hold
3p,recent past,,aβagagand,to hold
1s,future,,ɛβɛgɛnim,to hold
2s,future,,ɛβɛgɛniŋ,to hold
3s,future,,aβagaŋ,to hold
1p,future,,oβogolug,to hold
2p,future,,oβogolwa,to hold
3p,future,,ɛβɛgɛlis,to hold
2s,future,imperative,ɛβɛgɛlɛ,to hold
2p,future,imperative,aβagalas,to hold
1s,remote past,,agamom,to be / stay
2s,remote past,,agamoŋ,to be / stay
3s,remote past,,agamot,to be / stay
1p,remote past,,agamomuŋg,to be / stay
2p,remote past,,agamomwa,to be / stay
3p,remote past,,agamemind,to be / stay
1s,recent past,,igugum,to be / stay
2s,recent past,,igwoŋ,to be / stay
3s,recent past,,igu,to be / stay
1p,recent past,,iguŋg,to be / stay
2p,recent past,,iguguma,to be / stay
3p,recent past,,igugund,to be / stay
1s,future,,igisinim,to be / stay
2s,future,,igisiniŋ,to be / stay
3s,future,,igisiŋ,to be / stay
1p,future,,igitug,to be / stay
2p,future,,igitwa,to be / stay
3p,future,,igisis,to be / stay
2s,future,imperative,igitɛ / igu,to be / stay
2p,future,imperative,igitas,to be / stay
1s,remote past,,jotom,weave bamboo
2s,remote past,,jotoŋ,weave bamboo
3s,remote past,,jotot,weave bamboo
1p,remote past,,jotomuŋg,weave bamboo
2p,remote past,,jotomwa,weave bamboo
3p,remote past,,jɛtɛmind,weave bamboo
1s,recent past,,jotogom,weave bamboo
2s,recent past,,jotogoŋ,weave bamboo
3s,recent past,,jɛtɛge,weave bamboo
1p,recent past,,jotoŋg,weave bamboo
2p,recent past,,jatagama,weave bamboo
3p,recent past,,jotogond,weave bamboo
1s,future,,jɛtɛnim,weave bamboo
2s,future,,jɛtɛniŋ,weave bamboo
3s,future,,jɛtiŋ,weave bamboo
1p,future,,jotug,weave bamboo
2p,future,,jotwa,weave bamboo
3p,future,,jɛtis,weave bamboo
2s,future,imperative,jɛtɛ,weave bamboo
2p,future,imperative,jatas,weave bamboo
1s,remote past,,naŋgatom,read
2s,remote past,,naŋgatoŋ,read
3s,remote past,,naŋgatot,read
1p,remote past,,naŋgatomuŋg,read
2p,remote past,,naŋgatomwa,read
3p,remote past,,naŋgatɛmind,read
1s,recent past,,naŋgatogom,read
2s,recent past,,naŋgatogoŋ,read
3s,recent past,,naŋgatɛge,read
1p,recent past,,naŋgatoŋg,read
2p,recent past,,naŋgatagama,read
3p,recent past,,naŋgatogond,read
1s,future,,naŋgatɛnim,read
2s,future,,naŋgatɛniŋ,read
3s,future,,naŋgatiŋ,read
1p,future,,naŋgatug,read
2p,future,,naŋgatwa,read
3p,future,,naŋgatis,read
2s,future,imperative,naŋgatɛ,read
2p,future,imperative,naŋgatas,read
1s,remote past,,alugutum,uproot (pl)
2s,remote past,,alugutuŋ,uproot (pl)
3s,remote past,,alugutut,uproot (pl)
1p,remote past,,alugutumuŋg,uproot (pl)
2p,remote past,,alugutumwa,uproot (pl)
3p,remote past,,alugutumind,uproot (pl)
1s,recent past,,alugutugum,uproot (pl)
2s,recent past,,alugutugoŋ,uproot (pl)
3s,recent past,,alugutuge,uproot (pl)
1p,recent past,,alugutuŋg,uproot (pl)
2p,recent past,,alugutuguma,uproot (pl)
3p,recent past,,alugutugund,uproot (pl)
1s,future,,alugutinim,uproot (pl)
2s,future,,alugutiniŋ,uproot (pl)
3s,future,,alugutiŋ,uproot (pl)
1p,future,,alugutug,uproot (pl)
2p,future,,alugutwa,uproot (pl)
3p,future,,alugutis,uproot (pl)
2s,future,imperative,alugute,uproot (pl)
2p,future,imperative,alugutas,uproot (pl)
1s,remote past,,tolomom,watch / boss
2s,remote past,,tolomoŋ,watch / boss
3s,remote past,,tolomot,watch / boss
1p,remote past,,tolomomuŋg,watch / boss
2p,remote past,,tolomomwa,watch / boss
3p,remote past,,tolomemind,watch / boss
1s,recent past,,toloŋgom,watch / boss
2s,recent past,,toloŋgoŋ,watch / boss
3s,recent past,,toloŋge,watch / boss
1p,recent past,,tolomoŋg,watch / boss
2p,recent past,,toloŋgama,watch / boss
3p,recent past,,toloŋgond,watch / boss
1s,future,,tolominim,watch / boss
2s,future,,tolominiŋ,watch / boss
3s,future,,tolomiŋ,watch / boss
1p,future,,tolomug,watch / boss
2p,future,,tolomwa,watch / boss
3p,future,,tolomis,watch / boss
2s,future,imperative,tolome,watch / boss
2p,future,imperative,tolomas,watch / boss
1s,remote past,,ilomotom,cutting all the leaves off a branch
2s,remote past,,ilomotoŋ,cutting all the leaves off a branch
3s,remote past,,ilomotot,cutting all the leaves off a branch
1p,remote past,,ilomotomuŋg,cutting all the leaves off a branch
2p,remote past,,ilomotomwa,cutting all the leaves off a branch
3p,remote past,,ilomɛtɛmind,cutting all the leaves off a branch
1s,recent past,,ilomotogom,cutting all the leaves off a branch
2s,recent past,,ilomotogoŋ,cutting all the leaves off a branch
3s,recent past,,ilomɛtɛge,cutting all the leaves off a branch
1p,recent past,,ilomotoŋg,cutting all the leaves off a branch
2p,recent past,,ilomatagama,cutting all the leaves off a branch
3p,recent past,,ilomotogond,cutting all the leaves off a branch
1s,future,,ilomɛtɛnim,cutting all the leaves off a branch
2s,future,,ilomɛtɛniŋ,cutting all the leaves off a branch
3s,future,,ilomɛtiŋ,cutting all the leaves off a branch
1p,future,,ilomotug,cutting all the leaves off a branch
2p,future,,ilomatwa,cutting all the leaves off a branch
3p,future,,ilomɛtis,cutting all the leaves off a branch
2s,future,imperative,ilomɛtɛ,cutting all the leaves off a branch
2p,future,imperative,ilomatas,cutting all the leaves off a branch
1s,remote past,,ogomotom,split in many pieces
2s,remote past,,ogomotoŋ,split in many pieces
3s,remote past,,ogomotot,split in many pieces
1p,remote past,,ogomotomuŋg,split in many pieces
2p,remote past,,ogomotomwa,split in many pieces
3p,remote past,,ɛgɛmɛtɛmind,split in many pieces
1s,recent past,,ogomotogom,split in many pieces
2s,recent past,,ogomotogoŋ,split in many pieces
3s,recent past,,ɛgɛmɛtɛge,split in many pieces
1p,recent past,,ogomotoŋg,split in many pieces
2p,recent past,,agamatagama,split in many pieces
3p,recent past,,ogomotogond,split in many pieces
1s,future,,ɛgɛmɛtɛnim,split in many pieces
2s,future,,ɛgɛmɛtɛniŋ,split in many pieces
3s,future,,ɛgɛmɛtiŋ,split in many pieces
1p,future,,ogomotug,split in many pieces
2p,future,,agamatwa,split in many pieces
3p,future,,ɛgɛmɛtis,split in many pieces
2s,future,imperative,ɛgɛmɛtɛ,split in many pieces
2p,future,imperative,agamatas,split in many pieces
1s,remote past,,ogomotom,throw up / bite
2s,remote past,,ogomotoŋ,throw up / bite
3s,remote past,,ogomotot,throw up / bite
1p,remote past,,ogomotomuŋg,throw up / bite
2p,remote past,,ogomotomwa,throw up / bite
3p,remote past,,ogomɛtɛmind,throw up / bite
1s,recent past,,ogomotogom,throw up / bite
2s,recent past,,ogomotogoŋ,throw up / bite
3s,recent past,,ogomɛtɛge,throw up / bite
1p,recent past,,ogomotoŋg,throw up / bite
2p,recent past,,ogomatagama,throw up / bite
3p,recent past,,ogomotogond,throw up / bite
1s,future,,ogomɛtɛnim,throw up / bite
2s,future,,ogomɛtɛniŋ,throw up / bite
3s,future,,ogomɛtiŋ,throw up / bite
1p,future,,ogomotug,throw up / bite
2p,future,,ogomotwa,throw up / bite
3p,future,,ogomɛtis,throw up / bite
2s,future,imperative,ogomɛtɛ,throw up / bite
2p,future,imperative,ogomatas,throw up / bite
1s,remote past,,lɛlamom,touch
2s,remote past,,lɛlamoŋ,touch
3s,remote past,,lɛlamot,touch
1p,remote past,,lɛlamomuŋg,touch
2p,remote past,,lɛlamomwa,touch
3p,remote past,,lɛlamemind,touch
1s,recent past,,lɛlaŋgom,touch
2s,recent past,,lɛlaŋgoŋ,touch
3s,recent past,,lɛlaŋge,touch
1p,recent past,,lɛlamoŋg,touch
2p,recent past,,lɛlaŋgama,touch
3p,recent past,,lɛlaŋgond,touch
1s,future,,lɛlaminim,touch
2s,future,,lɛlaminiŋ,touch
3s,future,,lɛlamiŋ,touch
1p,future,,lɛlamug,touch
2p,future,,lɛlamwa,touch
3p,future,,lɛlamis,touch
2s,future,imperative,lɛlame,touch
2p,future,imperative,lɛlamas,touch
1s,remote past,,pipagaβigom,roll up a rope
2s,remote past,,pipagaβigoŋ,roll up a rope
3s,remote past,,pipagaβigot,roll up a rope
1p,remote past,,pipagaβigomuŋg,roll up a rope
2p,remote past,,pipagaβigomwa,roll up a rope
3p,remote past,,pipagaβigemind,roll up a rope
1s,recent past,,pipagaβigom,roll up a rope
2s,recent past,,pipagaβigoŋ,roll up a rope
3s,recent past,,pipagaβige,roll up a rope
1p,recent past,,pipagaβigoŋg,roll up a rope
2p,recent past,,pipagaβigima,roll up a rope
3p,recent past,,pipagaβigond,roll up a rope
1s,future,,pipagaβiginim,roll up a rope
2s,future,,pipagaβiginiŋ,roll up a rope
3s,future,,pipagaβigiŋ,roll up a rope
1p,future,,pipagaβigug,roll up a rope
2p,future,,pipagaβigwa,roll up a rope
3p,future,,pipagaβigis,roll up a rope
2s,future,imperative,pipagaβigu,roll up a rope
2p,future,imperative,pipagaβigwas,roll up a rope
1s,remote past,,mɛturumum,pull
2s,remote past,,mɛturumuŋ,pull
3s,remote past,,mɛturumut,pull
1p,remote past,,mɛturumumuŋg,pull
2p,remote past,,mɛturumumwa,pull
3p,remote past,,mɛturumemind,pull
1s,recent past,,mɛturugum,pull
2s,recent past,,mɛturugoŋ,pull
3s,recent past,,mɛturuge,pull
1p,recent past,,mɛturumuŋg,pull
2p,recent past,,mɛturuguma,pull
3p,recent past,,mɛturugund,pull
1s,future,,mɛturuminim,pull
2s,future,,mɛturuminiŋ,pull
3s,future,,mɛturumiŋ,pull
1p,future,,mɛturumug,pull
2p,future,,mɛturumwa,pull
3p,future,,mɛturumis,pull
2s,future,imperative,mɛturume,pull
2p,future,imperative,mɛturumas,pull
1s,remote past,,tomalumum,puncture
2s,remote past,,tomalumuŋ,puncture
3s,remote past,,tomalumut,puncture
1p,remote past,,tomalumumuŋg,puncture
2p,remote past,,tomalumumwa,puncture
3p,remote past,,tomalumemind,puncture
1s,recent past,,tomalugum,puncture
2s,recent past,,tomalugoŋ,puncture
3s,recent past,,tomaluge,puncture
1p,recent past,,tomalumuŋg,puncture
2p,recent past,,tomaluguma,puncture
3p,recent past,,tomalugund,puncture
1s,future,,tomaluminim,puncture
2s,future,,tomaluminiŋ,puncture
3s,future,,tomalumiŋ,puncture
1p,future,,tomalumug,puncture
2p,future,,tomalumwa,puncture
3p,future,,tomalumis,puncture
2s,future,imperative,tomalume,puncture
2p,future,imperative,tomalumas,puncture
1s,remote past,,ponogulumum,open / unfold
2s,remote past,,ponogulumuŋ,open / unfold
3s,remote past,,ponogulumut,open / unfold
1p,remote past,,ponogulumumuŋg,open / unfold
2p,remote past,,ponogulumumwa,open / unfold
3p,remote past,,ponogulumemind,open / unfold
1s,recent past,,ponogulugum,open / unfold
2s,recent past,,ponogulugoŋ,open / unfold
3s,recent past,,ponoguluge,open / unfold
1p,recent past,,ponogulumuŋg,open / unfold
2p,recent past,,ponoguluguma,open / unfold
3p,recent past,,ponogulugund,open / unfold
1s,future,,ponoguluminim,open / unfold
2s,future,,ponoguluminiŋ,open / unfold
3s,future,,ponogulumiŋ,open / unfold
1p,future,,ponogulumug,open / unfold
2p,future,,ponogulumwa,open / unfold
3p,future,,ponogulumis,open / unfold
2s,future,imperative,ponogulume,open / unfold
2p,future,imperative,ponogulumas,open / unfold
1s,remote past,,ninimalumum,roll a smoke
2s,remote past,,ninimalumuŋ,roll a smoke
3s,remote past,,ninimalumut,roll a smoke
1p,remote past,,ninimalumumuŋg,roll a smoke
2p,remote past,,ninimalumumwa,roll a smoke
3p,remote past,,ninimalumemind,roll a smoke
1s,recent past,,ninimalugum,roll a smoke
2s,recent past,,ninimalugoŋ,roll a smoke
3s,recent past,,ninimaluge,roll a smoke
1p,recent past,,ninimalumuŋg,roll a smoke
2p,recent past,,ninimaluguma,roll a smoke
3p,recent past,,ninimalugund,roll a smoke
1s,future,,ninimaluminim,roll a smoke
2s,future,,ninimaluminiŋ,roll a smoke
3s,future,,ninimalumiŋ,roll a smoke
1p,future,,ninimalumug,roll a smoke
2p,future,,ninimalumwa,roll a smoke
3p,future,,ninimalumis,roll a smoke
2s,future,imperative,ninimalume,roll a smoke
2p,future,imperative,ninimalumas,roll a smoke
1s,remote past,,oβulumum,dump
2s,remote past,,oβulumuŋ,dump
3s,remote past,,oβulumut,dump
1p,remote past,,oβulumumuŋg,dump
2p,remote past,,oβulumumwa,dump
3p,remote past,,oβulumemind,dump
1s,recent past,,oβulugum,dump
2s,recent past,,oβulugoŋ,dump
3s,recent past,,oβuluge,dump
1p,recent past,,oβulumuŋg,dump
2p,recent past,,oβuluguma,dump
3p,recent past,,oβulugund,dump
1s,future,,oβuluminim,dump
2s,future,,oβuluminiŋ,dump
3s,future,,oβulumiŋ,dump
1p,future,,oβulumug,dump
2p,future,,oβulumwa,dump
3p,future,,oβulumis,dump
2s,future,imperative,oβulume,dump
2p,future,imperative,oβulumas,dump
1s,remote past,,mamalumum,open (a door)
2s,remote past,,mamalumuŋ,open (a door)
3s,remote past,,mamalumut,open (a door)
1p,remote past,,mamalumumuŋg,open (a door)
2p,remote past,,mamalumumwa,open (a door)
3p,remote past,,mamalumemind,open (a door)
1s,recent past,,mamalugum,open (a door)
2s,recent past,,mamalugoŋ,open (a door)
3s,recent past,,mamaluge,open (a door)
1p,recent past,,mamalumuŋg,open (a door)
2p,recent past,,mamaluguma,open (a door)
3p,recent past,,mamalugund,open (a door)
1s,future,,mamaluminim,open (a door)
2s,future,,mamaluminiŋ,open (a door)
3s,future,,mamalumiŋ,open (a door)
1p,future,,mamalumug,open (a door)
2p,future,,mamalumwa,open (a door)
3p,future,,mamalumis,open (a door)
2s,future,imperative,mamalume,open (a door)
2p,future,imperative,mamalumas,open (a door)
1s,remote past,,polulumum,tear apart
2s,remote past,,polulumuŋ,tear apart
3s,remote past,,polulumut,tear apart
1p,remote past,,polulumumuŋg,tear apart
2p,remote past,,polulumumwa,tear apart
3p,remote past,,polulumemind,tear apart
1s,recent past,,polulugum,tear apart
2s,recent past,,polulugoŋ,tear apart
3s,recent past,,poluluge,tear apart
1p,recent past,,polulumuŋg,tear apart
2p,recent past,,poluluguma,tear apart
3p,recent past,,polulugund,tear apart
1s,future,,poluluminim,tear apart
2s,future,,poluluminiŋ,tear apart
3s,future,,polulumiŋ,tear apart
1p,future,,polulumug,tear apart
2p,future,,polulumwa,tear apart
3p,future,,polulumis,tear apart
2s,future,imperative,polulume,tear apart
2p,future,imperative,polulumas,tear apart
1s,remote past,,wombulumum,tear apart (with more force?)
2s,remote past,,wombulumuŋ,tear apart (with more force?)
3s,remote past,,wombulumut,tear apart (with more force?)
1p,remote past,,wombulumumuŋg,tear apart (with more force?)
2p,remote past,,wombulumumwa,tear apart (with more force?)
3p,remote past,,wombulumemind,tear apart (with more force?)
1s,recent past,,wombulugum,tear apart (with more force?)
2s,recent past,,wombulugoŋ,tear apart (with more force?)
3s,recent past,,wombuluge,tear apart (with more force?)
1p,recent past,,wombulumuŋg,tear apart (with more force?)
2p,recent past,,wombuluguma,tear apart (with more force?)
3p,recent past,,wombulugund,tear apart (with more force?)
1s,future,,wombuluminim,tear apart (with more force?)
2s,future,,wombuluminiŋ,tear apart (with more force?)
3s,future,,wombulumiŋ,tear apart (with more force?)
1p,future,,wombulumug,tear apart (with more force?)
2p,future,,wombulumwa,tear apart (with more force?)
3p,future,,wombulumis,tear apart (with more force?)
2s,future,imperative,wombulume,tear apart (with more force?)
2p,future,imperative,wombulumas,tear apart (with more force?)
1s,remote past,,moŋgoromom,search
2s,remote past,,moŋgoromoŋ,search
3s,remote past,,moŋgoromot,search
1p,remote past,,moŋgoromomuŋg,search
2p,remote past,,moŋgoromomwa,search
3p,remote past,,mɛŋgɛrɛmɛmind,search
1s,recent past,,moŋgorogom,search
2s,recent past,,moŋgorogoŋ,search
3s,recent past,,mɛŋgɛrɛge,search
1p,recent past,,moŋgoromoŋg,search
2p,recent past,,maŋgaragama,search
3p,recent past,,moŋgorogond,search
1s,future,,mɛŋgɛrɛminim,search
2s,future,,mɛŋgɛrɛminiŋ,search
3s,future,,mɛŋgɛrɛmiŋ,search
1p,future,,moŋgoromug,search
2p,future,,moŋgoromwa,search
3p,future,,mɛŋgɛrɛmis,search
2s,future,imperative,mɛŋgɛrɛmɛ,search
2p,future,imperative,maŋgaramas,search
1s,remote past,,alwolom,twist in pain
2s,remote past,,alwoloŋ,twist in pain
3s,remote past,,alwolot,twist in pain
1p,remote past,,alwolomuŋg,twist in pain
2p,remote past,,alwolomwa,twist in pain
3p,remote past,,alwɛlɛmind,twist in pain
1s,recent past,,alwagam,twist in pain
2s,recent past,,alwogoŋ,twist in pain
3s,recent past,,alwaga,twist in pain
1p,recent past,,alwaŋg,twist in pain
2p,recent past,,alwagama,twist in pain
3p,recent past,,alwagand,twist in pain
1s,future,,alwɛnim,twist in pain
2s,future,,alwɛniŋ,twist in pain
3s,future,,alwaŋ,twist in pain
1p,future,,alwolug,twist in pain
2p,future,,alwalwa,twist in pain
3p,future,,alwɛlis,twist in pain
2s,future,imperative,alwɛlɛ,twist in pain
2p,future,imperative,alwalas,twist in pain
1s,remote past,,ʔagam,cry out in pain
2s,remote past,,ʔagaŋ,cry out in pain
3s,remote past,,ʔagat,cry out in pain
1p,remote past,,ʔagaturumomuŋg,cry out in pain
2p,remote past,,ʔagaturumomwa,cry out in pain
3p,remote past,,ʔagaturumemind,cry out in pain
1s,recent past,,ʔagagom,cry out in pain
2s,recent past,,ʔagagoŋ,cry out in pain
3s,recent past,,ʔagage,cry out in pain
1p,recent past,,ʔagaturumuŋg,cry out in pain
2p,recent past,,ʔagaturuguma,cry out in pain
3p,recent past,,ʔagaturugund,cry out in pain
1s,future,,ʔaganim,cry out in pain
2s,future,,ʔaganiŋ,cry out in pain
3s,future,,ʔegeŋ,cry out in pain
1p,future,,ʔagaturumug,cry out in pain
2p,future,,ʔagaturumwa,cry out in pain
3p,future,,ʔagaturumis,cry out in pain
2s,future,imperative,ʔogu,cry out in pain
2p,future,imperative,ʔagaturumas,cry out in pain
1s,remote past,,ʔagam,carry person on shoulders
2s,remote past,,ʔagaŋ,carry person on shoulders
3s,remote past,,ʔagat,carry person on shoulders
1p,remote past,,ʔagamuŋg,carry person on shoulders
2p,remote past,,ʔagamwa,carry person on shoulders
3p,remote past,,ʔagamind,carry person on shoulders
1s,recent past,,ʔagagom,carry person on shoulders
2s,recent past,,ʔagagoŋ,carry person on shoulders
3s,recent past,,ʔagage,carry person on shoulders
1p,recent past,,ʔagaŋg,carry person on shoulders
2p,recent past,,ʔagagama,carry person on shoulders
3p,recent past,,ʔagagond,carry person on shoulders
1s,future,,ʔaganim,carry person on shoulders
2s,future,,ʔaganiŋ,carry person on shoulders
3s,future,,ʔegeŋ,carry person on shoulders
1p,future,,ʔogug,carry person on shoulders
2p,future,,ʔogogwa,carry person on shoulders
3p,future,,ʔegejs,carry person on shoulders
2s,future,imperative,ʔogu,carry person on shoulders
2p,future,imperative,ʔogogwas,carry person on shoulders
1s,remote past,,agam,warm myself
2s,remote past,,agaŋ,warm myself
3s,remote past,,agat,warm myself
1p,remote past,,agamuŋg,warm myself
2p,remote past,,agamwa,warm myself
3p,remote past,,agamind,warm myself
1s,recent past,,agagom,warm myself
2s,recent past,,agagoŋ,warm myself
3s,recent past,,agage,warm myself
1p,recent past,,agaŋg,warm myself
2p,recent past,,agagama,warm myself
3p,recent past,,agagond,warm myself
1s,future,,aganim,warm myself
2s,future,,aganiŋ,warm myself
3s,future,,egeŋ,warm myself
1p,future,,ogug,warm myself
2p,future,,ogogwa,warm myself
3p,future,,egejs,warm myself
2s,future,imperative,ogu,warm myself
2p,future,imperative,ogogwas,warm myself
1s,remote past,,ototom,tie to 2 sides
2s,remote past,,ototoŋ,tie to 2 sides
3s,remote past,,ototot,tie to 2 sides
1p,remote past,,ototomuŋg,tie to 2 sides
2p,remote past,,ototomwa,tie to 2 sides
3p,remote past,,ɛtɛtɛmind,tie to 2 sides
1s,recent past,,ototogom,tie to 2 sides
2s,recent past,,ototogoŋ,tie to 2 sides
3s,recent past,,ɛtɛtɛge,tie to 2 sides
1p,recent past,,ototoŋg,tie to 2 sides
2p,recent past,,atatagama,tie to 2 sides
3p,recent past,,ototogond,tie to 2 sides
1s,future,,ɛtɛtɛnim,tie to 2 sides
2s,future,,ɛtɛtɛniŋ,tie to 2 sides
3s,future,,ɛtɛtiŋ,tie to 2 sides
1p,future,,ototug,tie to 2 sides
2p,future,,ototwa,tie to 2 sides
3p,future,,ɛtɛtis,tie to 2 sides
2s,future,imperative,ɛtɛtɛ,tie to 2 sides
2p,future,imperative,atatas,tie to 2 sides
1s,remote past,,ulumum,to stand something up
2s,remote past,,ulumuŋ,to stand something up
3s,remote past,,ulumut,to stand something up
1p,remote past,,ulumumuŋg,to stand something up
2p,remote past,,ulumumwa,to stand something up
3p,remote past,,ulumemind,to stand something up
1s,recent past,,ulugum,to stand something up
2s,recent past,,uluguŋ,to stand something up
3s,recent past,,uluge,to stand something up
1p,recent past,,ulumuŋg,to stand something up
2p,recent past,,uluguma,to stand something up
3p,recent past,,ulugund,to stand something up
1s,future,,uluminim,to stand something up
2s,future,,uluminiŋ,to stand something up
3s,future,,ulumiŋ,to stand something up
1p,future,,ulumug,to stand something up
2p,future,,ulumwa,to stand something up
3p,future,,ulumis,to stand something up
2s,future,imperative,ulume,to stand something up
2p,future,imperative,ulumas,to stand something up
1s,remote past,,sogotom,to remove everything
2s,remote past,,sogotoŋ,to remove everything
3s,remote past,,sogotot,to remove everything
1p,remote past,,sogotomuŋg,to remove everything
2p,remote past,,sogotomwa,to remove everything
3p,remote past,,sogotemind,to remove everything
1s,recent past,,sogotogom,to remove everything
2s,recent past,,sogotogoŋ,to remove everything
3s,recent past,,sogotɛge,to remove everything
1p,recent past,,sogotoŋg,to remove everything
2p,recent past,,sogotagama,to remove everything
3p,recent past,,sogotogond,to remove everything
1s,future,,sogotɛnim,to remove everything
2s,future,,sogotɛniŋ,to remove everything
3s,future,,sogotiŋ,to remove everything
1p,future,,sogotug,to remove everything
2p,future,,sogotwa,to remove everything
3p,future,,sogotis,to remove everything
2s,future,imperative,sogotɛ,to remove everything
2p,future,imperative,sogotas,to remove everything
